trial,scenario,expected_yield,detected,yielded,resumed_after_pass,false_yield,notes
1,normal_traffic_1,no,,,,,
2,normal_traffic_2,no,,,,,
3,normal_traffic_3,no,,,,,
4,normal_traffic_4,no,,,,,
5,normal_traffic_5,no,,,,,
6,normal_traffic_6,no,,,,,
7,normal_traffic_7,no,,,,,
8,normal_traffic_8,no,,,,,
9,normal_traffic_9,no,,,,,
10,normal_traffic_10,no,,,,,
11,ambulance_visual_only,yes,,,,,
12,fire_truck_visual_only,yes,,,,,
13,police_visual_only,yes,,,,,
14,ambulance_siren_audio_only,yes,,,,,
15,police_siren_audio_only,yes,,,,,
16,fire_siren_audio_only,yes,,,,,
17,ambulance_audio_visual,yes,,,,,
18,fire_truck_audio_visual,yes,,,,,
19,police_audio_visual,yes,,,,,
20,distant_siren_then_pass,yes,,,,,
